{
 "SSIM": 0.921667218208313,
 "PSNR": 28.126262664794922,
 "LPIPS": 0.2069370448589325,
 "FPS": 112.97031027275717
}