{
 "SSIM": 0.9350401759147644,
 "PSNR": 27.344375610351562,
 "LPIPS": 0.17072561383247375,
 "FPS": 111.54682093686502
}