{
 "SSIM": 0.9373998045921326,
 "PSNR": 27.63558006286621,
 "LPIPS": 0.1700441539287567,
 "FPS": 114.82230751195029
}