{
 "SSIM": 0.9232556223869324,
 "PSNR": 28.304622650146484,
 "LPIPS": 0.20504385232925415,
 "FPS": 115.88274458021326
}