{
 "SSIM": 0.7543163895606995,
 "PSNR": 16.618053436279297,
 "LPIPS": 0.42995718121528625,
 "FPS": 224.32769114900606
}