{
 "SSIM": 0.9231464266777039,
 "PSNR": 28.226634979248047,
 "LPIPS": 0.20547081530094147,
 "FPS": 117.45156927675747
}