{
 "SSIM": 0.676261305809021,
 "PSNR": 14.552170753479004,
 "LPIPS": 0.48522713780403137,
 "FPS": 255.13477589365445
}