{
 "SSIM": 0.9373825788497925,
 "PSNR": 27.55668067932129,
 "LPIPS": 0.1699264496564865,
 "FPS": 114.76763487107887
}