{
 "SSIM": 0.6419985890388489,
 "PSNR": 14.348483085632324,
 "LPIPS": 0.5001919269561768,
 "FPS": 272.05123700325186
}