{
 "SSIM": 0.6200326085090637,
 "PSNR": 13.442550659179688,
 "LPIPS": 0.4908094108104706,
 "FPS": 286.6878471986451
}