{
 "SSIM": 0.923577606678009,
 "PSNR": 28.346336364746094,
 "LPIPS": 0.20428813993930817,
 "FPS": 116.55159300974204
}