{
 "SSIM": 0.9233620166778564,
 "PSNR": 28.256319046020508,
 "LPIPS": 0.20555773377418518,
 "FPS": 114.23268559565881
}