{
 "SSIM": 0.9222890734672546,
 "PSNR": 28.142417907714844,
 "LPIPS": 0.20556354522705078,
 "FPS": 114.82274050434384
}