{
 "SSIM": 0.6511785984039307,
 "PSNR": 14.339920997619629,
 "LPIPS": 0.5002692937850952,
 "FPS": 272.11082371659523
}