{
 "SSIM": 0.6510675549507141,
 "PSNR": 14.596578598022461,
 "LPIPS": 0.4929255545139313,
 "FPS": 283.40720346271735
}