{
 "SSIM": 0.6920058131217957,
 "PSNR": 14.442989349365234,
 "LPIPS": 0.5255534052848816,
 "FPS": 418.0285853212458
}