{
 "SSIM": 0.9228094816207886,
 "PSNR": 28.324039459228516,
 "LPIPS": 0.20531950891017914,
 "FPS": 120.19696159142681
}