{
 "SSIM": 0.9393687844276428,
 "PSNR": 27.962854385375977,
 "LPIPS": 0.16623106598854065,
 "FPS": 115.67252291768884
}