{
 "SSIM": 0.6316483020782471,
 "PSNR": 13.986104965209961,
 "LPIPS": 0.49704301357269287,
 "FPS": 333.4854617278551
}