{
 "SSIM": 0.9385516047477722,
 "PSNR": 27.803979873657227,
 "LPIPS": 0.16715984046459198,
 "FPS": 95.2186774417567
}